DROP TABLE IF EXISTS payments CASCADE;
DROP TABLE IF EXISTS invoices CASCADE;
DROP TABLE IF EXISTS details CASCADE;
DROP TABLE IF EXISTS orders CASCADE;
DROP TABLE IF EXISTS products CASCADE;
DROP TABLE IF EXISTS customers CASCADE;

CREATE TABLE Customers (
    custid   INTEGER PRIMARY KEY,
    cname    TEXT    NOT NULL,
    country  CHAR(3) NOT NULL
);

CREATE TABLE Products (
    pcode    INTEGER     PRIMARY KEY,
    pname    TEXT        NOT NULL,
    ptype    VARCHAR(10) NOT NULL CHECK (ptype IN ('BOOK','MOVIE','MUSIC')),
    price    NUMERIC 	 NOT NULL CHECK (price > 0)
);

CREATE TABLE Orders (
    ordid    INTEGER PRIMARY KEY,
    odate    DATE    NOT NULL,
    ocust    INTEGER NOT NULL REFERENCES Customers (custid)
);

CREATE TABLE Details (
    ordid    INTEGER  REFERENCES Orders (ordid),
    pcode    INTEGER  REFERENCES Products (pcode),
    qty      SMALLINT NOT NULL CHECK (qty > 0),
    PRIMARY KEY (ordid, pcode)
);

CREATE TABLE Invoices (
    invid    INTEGER PRIMARY KEY,
    ordid    INTEGER UNIQUE NOT NULL REFERENCES Orders (ordid),
    amount   NUMERIC NOT NULL CHECK (amount > 0),
    issued   DATE    NOT NULL,
    due      DATE    NOT NULL,
    CHECK ( due >= issued )
);

CREATE TABLE Payments (
    payid    INTEGER   PRIMARY KEY,
    tstamp   TIMESTAMP NOT NULL,
    amount   NUMERIC   NOT NULL CHECK (amount > 0),
    invid    INTEGER   NOT NULL REFERENCES Invoices (invid)
);


COPY customers (custid, cname, country) FROM stdin;
1	Sammy	USA
2	Anisa	CZE
3	Maria	GER
4	Marilyn	CZE
5	John	POL
6	James	CAN
7	Jodie	GBR
8	Johnsie	CAN
9	Cari	GBR
10	Selma	CAN
\.


COPY products (pcode, pname, ptype, price) FROM stdin;
1	pname_974_974_97	BOOK	11.44
2	pname_428_428_	BOOK	10.43
3	pname_17_17_17_1	BOOK	12.48
4	pname_85	MOVIE	12.93
5	pname_476	MUSIC	9.49
6	pname_55	MUSIC	15.07
7	pname_464_464	MUSIC	3.03
8	pname_470_47	MUSIC	11.34
9	pname_769_76	BOOK	8.91
10	pname_26_26	MUSIC	12.90
11	pname_490_49	BOOK	7.02
12	pname_435_4	MUSIC	11.50
13	pname_860	MOVIE	7.83
14	pname_931_931	MOVIE	8.36
15	pname_24	MOVIE	8.65
16	pname_144_144	MOVIE	12.16
17	pname_754_754	BOOK	10.24
18	pname_58	MOVIE	4.07
19	pname_349_349_3	MUSIC	12.71
20	pname_213_21	MUSIC	8.37
21	pname_718_718_	MOVIE	9.36
22	pname_917_	MUSIC	11.53
23	pname_576_576_5	MUSIC	11.34
24	pname_61_61_	MOVIE	13.59
25	pname_664_664_66	MUSIC	13.20
26	pname_50_50_50	BOOK	10.34
27	pname_41_4	MUSIC	12.09
28	pname_269	MOVIE	11.95
29	pname_107_107_10	BOOK	9.70
30	pname_749_74	BOOK	16.36
31	pname_170_17	MOVIE	10.79
32	pname_35	MOVIE	14.60
33	pname_106	MUSIC	16.40
34	pname_470_47	BOOK	8.63
35	pname_130_13	BOOK	9.45
36	pname_345_345_	MUSIC	14.23
37	pname_28_28_28	BOOK	5.80
38	pname_96	MOVIE	11.41
39	pname_423_423_4	MOVIE	14.46
40	pname_896_896_8	BOOK	8.91
41	pname_111_	MUSIC	9.88
42	pname_311_311	MOVIE	11.57
43	pname_415_4	BOOK	5.97
44	pname_946_94	MUSIC	8.57
45	pname_682_6	MOVIE	11.03
46	pname_533_53	MOVIE	12.22
47	pname_450_45	MOVIE	9.43
48	pname_541_541_54	BOOK	11.25
49	pname_691_691	MOVIE	14.86
50	pname_680_680_6	BOOK	14.69
51	pname_160_16	MUSIC	11.82
52	pname_37	MOVIE	10.97
53	pname_649_649_6	MOVIE	7.98
54	pname_293_29	MUSIC	8.01
55	pname_423_423_4	MOVIE	15.83
56	pname_158_158_	MUSIC	9.21
57	pname_79	MOVIE	14.57
58	pname_286_286_2	MOVIE	7.59
59	pname_430_43	BOOK	8.98
60	pname_977_	MOVIE	7.31
61	pname_185_1	BOOK	10.74
62	pname_553_55	MUSIC	12.88
63	pname_730_73	BOOK	9.55
64	pname_210	MOVIE	10.23
65	pname_395_395_	MUSIC	14.26
66	pname_552_552_	MUSIC	10.55
67	pname_468_468_	BOOK	9.38
68	pname_795_7	MUSIC	12.19
69	pname_669_669_6	MUSIC	11.62
70	pname_175_1	MOVIE	9.37
71	pname_36	BOOK	7.38
72	pname_870	MUSIC	13.66
73	pname_447_447_44	MOVIE	8.09
74	pname_128_128_	MUSIC	14.70
75	pname_532_532_	MOVIE	10.24
76	pname_219	BOOK	11.55
77	pname_873_87	MUSIC	4.78
78	pname_790_79	MOVIE	5.90
79	pname_28	MOVIE	8.03
80	pname_862_862_	MOVIE	10.36
81	pname_783_783_7	MOVIE	18.78
82	pname_30_30_	MUSIC	12.78
83	pname_530	MOVIE	7.58
84	pname_761_	BOOK	7.02
85	pname_61_61_	MUSIC	16.38
86	pname_72	MUSIC	9.67
87	pname_479_47	BOOK	17.67
88	pname_408_408_	BOOK	16.67
89	pname_614_614_61	BOOK	5.89
90	pname_656_65	MOVIE	12.00
91	pname_290	BOOK	10.05
92	pname_175_1	BOOK	10.15
93	pname_163_163_1	BOOK	10.77
94	pname_20	MUSIC	5.54
95	pname_872_872_	MUSIC	7.86
96	pname_420_42	MOVIE	11.75
97	pname_942_9	MOVIE	5.33
98	pname_45	BOOK	11.87
99	pname_365_365_	BOOK	12.58
100	pname_569	MOVIE	14.43
101	pname_164_164	MOVIE	8.50
102	pname_353	MUSIC	15.96
103	pname_622_6	BOOK	14.94
104	pname_893_89	MUSIC	8.18
105	pname_834_	MUSIC	8.91
106	pname_898_8	MOVIE	9.84
107	pname_676_67	BOOK	11.94
108	pname_15_15_1	BOOK	14.08
109	pname_691_691	MUSIC	11.02
110	pname_612_6	BOOK	11.13
111	pname_29_29	BOOK	12.18
112	pname_735_7	BOOK	9.56
113	pname_200	MOVIE	15.51
114	pname_11_11_11_1	MUSIC	11.92
115	pname_384_384_38	MUSIC	10.15
116	pname_446	MUSIC	14.77
117	pname_71	MOVIE	6.17
118	pname_148_148_	BOOK	6.54
119	pname_81	MUSIC	11.62
120	pname_24	MOVIE	9.71
121	pname_949_949_9	BOOK	17.34
122	pname_278_2	MUSIC	13.43
123	pname_680_680_6	MOVIE	8.03
124	pname_73	BOOK	11.02
125	pname_156	BOOK	10.28
126	pname_652_6	MOVIE	8.86
127	pname_340_340_3	MUSIC	5.90
128	pname_745_7	MOVIE	11.46
129	pname_823_82	MUSIC	12.52
130	pname_1_1_	MOVIE	6.31
131	pname_67_67_	MUSIC	13.12
132	pname_464_464	BOOK	6.59
133	pname_569	MOVIE	17.12
134	pname_950_950_9	BOOK	9.25
135	pname_28_28_28	MUSIC	14.50
136	pname_377_	MOVIE	10.31
137	pname_919_919_9	MUSIC	5.67
138	pname_59_59_59	MUSIC	9.44
139	pname_232_232_	BOOK	8.24
140	pname_882_882_	BOOK	4.81
141	pname_531_531_53	MOVIE	8.80
142	pname_906_90	MUSIC	13.70
143	pname_204_	BOOK	10.12
144	pname_466	MOVIE	5.77
145	pname_616_61	MOVIE	6.55
146	pname_808_8	BOOK	5.05
147	pname_520	MUSIC	12.03
148	pname_382_3	BOOK	13.69
149	pname_887_887	MUSIC	11.27
150	pname_141_	MUSIC	10.16
151	pname_967_	BOOK	8.99
152	pname_704_704	MOVIE	10.32
153	pname_377_	MUSIC	10.66
154	pname_459_45	MUSIC	7.20
155	pname_840	BOOK	7.60
156	pname_630_630_6	MUSIC	7.64
157	pname_90	BOOK	14.52
158	pname_532_532_	MUSIC	11.62
159	pname_53	BOOK	12.48
160	pname_121_	MUSIC	13.06
161	pname_720_72	BOOK	13.32
162	pname_510	BOOK	12.13
163	pname_10_1	MUSIC	8.75
164	pname_725_7	MUSIC	11.23
165	pname_262_262_	BOOK	10.12
166	pname_923	MOVIE	7.99
167	pname_699_699_6	BOOK	7.53
168	pname_973	BOOK	12.44
169	pname_414_414	BOOK	6.59
170	pname_119_11	MOVIE	13.01
171	pname_134_134	MOVIE	5.66
172	pname_510	BOOK	9.39
173	pname_519	MUSIC	9.63
174	pname_335_335_	MUSIC	9.66
175	pname_887_887	BOOK	6.57
176	pname_353	MUSIC	9.76
177	pname_509	MOVIE	15.12
178	pname_376_37	MUSIC	10.38
179	pname_724_724	BOOK	14.63
180	pname_493_493_4	BOOK	11.15
181	pname_168_168_	MOVIE	9.72
182	pname_85	BOOK	12.23
183	pname_82	MUSIC	10.47
184	pname_273_27	MOVIE	11.82
185	pname_756	MUSIC	12.11
186	pname_829	BOOK	11.29
187	pname_108_108_	MUSIC	7.54
188	pname_206_206_2	MOVIE	4.55
189	pname_89	BOOK	5.86
190	pname_6_6_6_	BOOK	9.81
191	pname_682_6	BOOK	12.29
192	pname_33_33_	MUSIC	4.39
193	pname_699_699_6	MOVIE	12.19
194	pname_862_862_	MUSIC	5.71
195	pname_214_	BOOK	13.96
196	pname_947_	MOVIE	6.80
197	pname_603	MOVIE	12.74
198	pname_56_56_56	BOOK	11.42
199	pname_811_811_81	BOOK	10.60
200	pname_399_399_3	MOVIE	9.44
201	pname_518_5	MOVIE	10.17
202	pname_174_174	MOVIE	14.92
203	pname_278_2	MUSIC	6.64
204	pname_417_417_41	MOVIE	6.34
205	pname_556_556_5	MOVIE	17.14
206	pname_141_	MUSIC	12.54
207	pname_799_79	MOVIE	7.68
208	pname_876_876_8	BOOK	6.90
209	pname_551_551_55	MOVIE	4.78
210	pname_207_207	MUSIC	3.97
211	pname_263_26	BOOK	17.12
212	pname_313	BOOK	11.15
213	pname_53	MUSIC	10.56
214	pname_512_512_	MUSIC	4.96
215	pname_310_310_3	BOOK	10.34
216	pname_104_104	MUSIC	10.18
217	pname_347_	BOOK	11.06
218	pname_874_	MUSIC	12.21
219	pname_583_58	MUSIC	4.68
220	pname_254_	MUSIC	8.70
221	pname_75	MOVIE	11.39
222	pname_126	MOVIE	4.09
223	pname_376_37	BOOK	13.18
224	pname_94_94_94_	MOVIE	10.18
225	pname_788_788_	MOVIE	10.51
226	pname_484_484	BOOK	11.75
227	pname_703_703_7	BOOK	11.79
228	pname_58	MUSIC	8.80
229	pname_927_	BOOK	2.38
230	pname_31	MUSIC	11.29
231	pname_342_3	BOOK	12.57
232	pname_306_30	BOOK	10.70
233	pname_375_375_	MUSIC	4.59
234	pname_36_36_	MOVIE	12.68
235	pname_919_919_9	BOOK	5.85
236	pname_725_7	MUSIC	10.94
237	pname_49_49_4	MUSIC	9.05
238	pname_758_758_	MOVIE	16.30
239	pname_959_959_9	MOVIE	12.75
240	pname_266_266_2	MOVIE	9.28
241	pname_268_2	MUSIC	9.37
242	pname_156	BOOK	9.55
243	pname_87_87_87	MUSIC	10.56
244	pname_90_	BOOK	9.77
245	pname_390_390_3	BOOK	9.53
246	pname_258_2	MOVIE	9.10
247	pname_262_262_	MOVIE	12.28
248	pname_900_900_9	MUSIC	11.95
249	pname_924_924_92	MOVIE	8.93
250	pname_56	MUSIC	11.12
251	pname_48_48_48_4	MUSIC	12.62
252	pname_837_837	MOVIE	10.74
253	pname_745_7	MOVIE	7.27
254	pname_312_3	MOVIE	11.20
255	pname_21	MUSIC	7.97
256	pname_960_960_9	BOOK	9.22
257	pname_964_964_96	BOOK	8.90
258	pname_738_738_	MUSIC	11.80
259	pname_731_	MOVIE	9.68
260	pname_87_87_87	MOVIE	12.56
261	pname_793_793_7	MUSIC	10.09
262	pname_485_4	BOOK	5.51
263	pname_58	MOVIE	10.85
264	pname_510	BOOK	8.33
265	pname_184_184	MOVIE	6.60
266	pname_52	MOVIE	13.00
267	pname_115_1	MUSIC	9.31
268	pname_403_403_4	MUSIC	14.06
269	pname_266_266_2	BOOK	11.32
270	pname_431_	MOVIE	8.56
271	pname_925_925_	MOVIE	10.72
272	pname_571_571_57	MOVIE	11.74
273	pname_220	BOOK	13.16
274	pname_457_457_45	BOOK	8.48
275	pname_749_74	MUSIC	10.50
276	pname_705_7	BOOK	10.57
277	pname_972_9	BOOK	8.03
278	pname_272_272_	MUSIC	10.47
279	pname_817_817	BOOK	11.54
280	pname_80	MOVIE	11.35
281	pname_669_669_6	MOVIE	9.03
282	pname_544_	MOVIE	12.93
283	pname_355_355_	MUSIC	9.37
284	pname_427_427_42	BOOK	11.58
285	pname_390_390_3	MOVIE	6.30
286	pname_18	BOOK	7.21
287	pname_839	MUSIC	13.97
288	pname_561_561_56	MUSIC	5.95
289	pname_82	BOOK	11.67
290	pname_436	MUSIC	11.46
291	pname_719_71	BOOK	8.76
292	pname_651_651	BOOK	10.88
293	pname_611_611	BOOK	13.77
294	pname_51_51	MOVIE	9.51
295	pname_390_390_3	MOVIE	8.97
296	pname_11	MOVIE	7.50
297	pname_921_921	MOVIE	10.81
298	pname_217_217	MUSIC	11.52
299	pname_433_433_4	BOOK	6.11
300	pname_464_464	MUSIC	7.45
301	pname_269	MUSIC	8.41
302	pname_854_	MOVIE	9.94
303	pname_379_379_3	MOVIE	17.09
304	pname_594_	MUSIC	7.69
305	pname_963	MOVIE	11.80
306	pname_844_	MOVIE	11.84
307	pname_21	BOOK	8.32
308	pname_204_	MUSIC	13.47
309	pname_477_477_47	MUSIC	12.05
310	pname_766	MOVIE	18.94
311	pname_542_542_	MUSIC	7.76
312	pname_620_620_6	MUSIC	12.22
313	pname_520	BOOK	11.69
314	pname_604_604_60	BOOK	7.02
315	pname_206_206_2	BOOK	10.18
316	pname_50	BOOK	10.07
317	pname_171_	MOVIE	13.10
318	pname_848_8	MOVIE	12.21
319	pname_447_447_44	MUSIC	8.95
320	pname_821_821_82	MOVIE	9.75
321	pname_300_300_3	BOOK	13.99
322	pname_34	MUSIC	6.19
323	pname_349_349_3	MOVIE	13.33
324	pname_764_764	BOOK	14.14
325	pname_738_738_	BOOK	6.74
326	pname_119_11	MUSIC	10.40
327	pname_481_	MOVIE	13.28
328	pname_603	BOOK	4.75
329	pname_52	BOOK	11.72
330	pname_202_202_	MUSIC	9.90
331	pname_371_371	MUSIC	6.89
332	pname_158_158_	BOOK	9.39
333	pname_973	BOOK	7.39
334	pname_415_4	MUSIC	4.41
335	pname_283_28	MOVIE	18.93
336	pname_88_88	BOOK	9.04
337	pname_8_8_8	MUSIC	4.31
338	pname_449_44	MUSIC	2.57
339	pname_99	BOOK	7.36
340	pname_953	MUSIC	12.31
341	pname_446	BOOK	12.59
342	pname_490_49	MUSIC	10.04
343	pname_777_777_77	BOOK	5.04
344	pname_418_418_	BOOK	10.02
345	pname_395_395_	MOVIE	7.66
346	pname_494_494	MOVIE	11.76
347	pname_425_4	MOVIE	12.15
348	pname_342_3	BOOK	9.39
349	pname_466	BOOK	10.46
350	pname_749_74	BOOK	5.80
351	pname_292_292_	MUSIC	8.97
352	pname_622_6	MOVIE	8.77
353	pname_903	BOOK	8.40
354	pname_13_1	MUSIC	10.81
355	pname_930_930_9	MOVIE	12.80
356	pname_184_184	MOVIE	7.27
357	pname_185_1	MUSIC	10.32
358	pname_568_5	MOVIE	10.96
359	pname_351_351	BOOK	11.82
360	pname_21	BOOK	9.28
361	pname_47_4	MOVIE	9.99
362	pname_924_924_92	BOOK	7.75
363	pname_341_341	MUSIC	9.15
364	pname_356_35	BOOK	8.91
365	pname_19_1	MOVIE	9.16
366	pname_81_81_81	MUSIC	13.80
367	pname_853_85	MUSIC	11.63
368	pname_31_	MOVIE	15.28
369	pname_393	BOOK	13.83
370	pname_97	BOOK	8.91
371	pname_242_242_	MOVIE	11.84
372	pname_720_72	MOVIE	8.71
373	pname_96_	MUSIC	12.28
374	pname_841_841_84	MUSIC	9.25
375	pname_340_340_3	MUSIC	12.18
376	pname_369_369_3	BOOK	5.28
377	pname_514_	MOVIE	8.72
378	pname_10_1	MUSIC	9.81
379	pname_55	MUSIC	11.61
380	pname_549	MUSIC	9.77
381	pname_763_763_7	MOVIE	13.46
382	pname_764_764	MUSIC	9.15
383	pname_329_329_3	BOOK	12.93
384	pname_836_836_8	MOVIE	7.62
385	pname_337_	MOVIE	8.40
386	pname_960_960_9	MOVIE	9.71
387	pname_586_586_5	BOOK	9.71
388	pname_22_22_22	BOOK	7.69
389	pname_366_36	MUSIC	4.39
390	pname_28	BOOK	16.09
391	pname_272_272_	BOOK	8.55
392	pname_11	MUSIC	10.15
393	pname_695_695_	MUSIC	8.39
394	pname_756	MUSIC	9.14
395	pname_32_32_32_	MUSIC	7.83
396	pname_201_201_20	MOVIE	9.23
397	pname_98	MUSIC	11.86
398	pname_921_921	MOVIE	8.06
399	pname_168_168_	MUSIC	10.29
400	pname_339_339_3	BOOK	6.90
401	pname_759_75	MOVIE	14.28
402	pname_476	MUSIC	10.93
403	pname_963	BOOK	9.23
404	pname_876_876_8	BOOK	7.24
405	pname_790_79	MOVIE	9.50
406	pname_826_826_8	MOVIE	17.75
407	pname_877_877	MOVIE	8.07
408	pname_499_49	MOVIE	12.22
409	pname_955_955_	MOVIE	15.41
410	pname_500	MOVIE	13.37
411	pname_288_2	BOOK	11.61
412	pname_803_80	MOVIE	12.26
413	pname_151_	MOVIE	6.92
414	pname_507_507	MUSIC	8.91
415	pname_921_921	MUSIC	18.17
416	pname_91_91_91_	MUSIC	8.58
417	pname_189_18	MUSIC	9.04
418	pname_511_511_51	MOVIE	12.03
419	pname_961_961	BOOK	7.42
420	pname_133_133_1	BOOK	9.29
421	pname_91	BOOK	13.39
422	pname_312_3	MOVIE	13.10
423	pname_139_13	MUSIC	11.04
424	pname_650_650_6	MOVIE	7.15
425	pname_149_14	BOOK	6.60
426	pname_84	MOVIE	11.09
427	pname_506_506_5	BOOK	13.99
428	pname_87_87_87	MUSIC	10.47
429	pname_104_104	BOOK	5.37
430	pname_278_2	BOOK	5.40
431	pname_903	MUSIC	9.86
432	pname_435_4	BOOK	10.07
433	pname_811_811_81	BOOK	9.27
434	pname_237_237	BOOK	8.89
435	pname_20	BOOK	9.24
436	pname_547_547	MOVIE	15.61
437	pname_717_717_71	BOOK	11.44
438	pname_566_566_5	BOOK	13.87
439	pname_532_532_	MUSIC	13.62
440	pname_717_717_71	MOVIE	4.52
441	pname_481_	BOOK	13.31
442	pname_250	BOOK	10.87
443	pname_30_30_	MUSIC	10.48
444	pname_393	BOOK	10.37
445	pname_364_364_36	BOOK	7.41
446	pname_154_154	MUSIC	5.63
447	pname_834_	MOVIE	13.18
448	pname_584_	BOOK	3.86
449	pname_886_886_8	MOVIE	14.51
450	pname_342_3	MOVIE	9.03
451	pname_324_324_32	MUSIC	7.54
452	pname_642_6	MUSIC	6.28
453	pname_83	MUSIC	9.65
454	pname_881_881_88	BOOK	13.05
455	pname_902_9	BOOK	3.47
456	pname_311_311	BOOK	8.73
457	pname_82_82	MOVIE	10.31
458	pname_347_	BOOK	8.15
459	pname_939_939_9	MUSIC	12.71
460	pname_860	BOOK	8.91
461	pname_747_747_74	MOVIE	9.77
462	pname_476	BOOK	12.48
463	pname_533_53	BOOK	6.68
464	pname_641_641	BOOK	8.33
465	pname_483_483_4	BOOK	12.37
466	pname_890	BOOK	12.41
467	pname_186	BOOK	15.20
468	pname_894_	MOVIE	7.30
469	pname_664_664_66	MUSIC	3.91
470	pname_58	BOOK	6.53
471	pname_818_8	MUSIC	8.49
472	pname_120_12	MOVIE	8.68
473	pname_877_877	MOVIE	11.94
474	pname_140_14	MOVIE	6.80
475	pname_63_63_63_	BOOK	12.60
476	pname_17_17_17_1	MOVIE	14.90
477	pname_179_17	BOOK	9.00
478	pname_201_201_20	MOVIE	6.10
479	pname_88	BOOK	12.52
480	pname_942_9	MOVIE	8.30
481	pname_848_8	BOOK	12.10
482	pname_260	BOOK	7.33
483	pname_206_206_2	BOOK	12.34
484	pname_370_370_3	BOOK	14.26
485	pname_24	MOVIE	11.68
486	pname_241_241_24	MOVIE	1.52
487	pname_39_39_	MUSIC	6.97
488	pname_92	MOVIE	11.63
489	pname_729_72	MOVIE	9.30
490	pname_606_60	BOOK	14.07
491	pname_88_88	MUSIC	13.29
492	pname_649_649_6	MUSIC	13.11
493	pname_647_	BOOK	8.76
494	pname_576_576_5	MUSIC	10.24
495	pname_273_27	BOOK	8.49
496	pname_639_639_6	BOOK	13.12
497	pname_594_	MUSIC	12.55
498	pname_47_4	BOOK	7.94
499	pname_221_221_22	MUSIC	23.50
500	pname_46	MUSIC	11.73
501	pname_470_47	MOVIE	5.91
502	pname_43_43_4	BOOK	10.74
503	pname_901_901	BOOK	7.98
504	pname_211_211_21	MUSIC	15.62
505	pname_751_	MOVIE	8.85
506	pname_325_325_	BOOK	10.88
507	pname_869	MUSIC	14.63
508	pname_27	MOVIE	12.60
509	pname_392_3	MUSIC	8.26
510	pname_694_694_69	MOVIE	14.44
511	pname_31	MOVIE	13.10
512	pname_892_892_	MOVIE	10.68
513	pname_64	BOOK	7.71
514	pname_128_128_	MUSIC	13.89
515	pname_583_58	MOVIE	7.70
516	pname_32_32_32_	MUSIC	8.90
517	pname_543_54	MUSIC	3.98
518	pname_615_615_	MUSIC	11.45
519	pname_40	MOVIE	12.70
520	pname_916_91	MUSIC	13.58
521	pname_336_33	MOVIE	9.21
522	pname_374_374_37	MOVIE	14.59
523	pname_528_5	MUSIC	9.37
524	pname_915_915_	MUSIC	11.81
525	pname_844_	BOOK	6.69
526	pname_786	BOOK	11.25
527	pname_686_68	MOVIE	11.26
528	pname_103_103_1	MOVIE	8.10
529	pname_288_2	BOOK	6.14
530	pname_97_97_97_	BOOK	15.28
531	pname_981_981	MUSIC	7.36
532	pname_656_65	MOVIE	9.94
533	pname_23	BOOK	4.17
534	pname_81_81_81	BOOK	15.38
535	pname_747_747_74	MOVIE	8.18
536	pname_300_300_3	MOVIE	9.84
537	pname_905_905_	MOVIE	9.03
538	pname_789_78	MUSIC	7.74
539	pname_10_1	MUSIC	5.96
540	pname_522_522_	MUSIC	7.81
541	pname_270	MOVIE	12.56
542	pname_56_56_56	MUSIC	10.99
543	pname_89	BOOK	10.56
544	pname_136	BOOK	10.51
545	pname_357_	MUSIC	11.42
546	pname_124_124	BOOK	8.10
547	pname_186	BOOK	12.81
548	pname_563_56	MOVIE	10.97
549	pname_768_768_	MOVIE	6.76
550	pname_464_464	BOOK	9.92
551	pname_897_897	MUSIC	6.95
552	pname_10_1	MUSIC	8.50
553	pname_130_13	BOOK	12.50
554	pname_606_60	MUSIC	7.84
555	pname_319_319_3	MUSIC	10.62
556	pname_341_341	MOVIE	10.29
557	pname_423_423_4	BOOK	9.69
558	pname_251_251_25	MUSIC	6.68
559	pname_747_747_74	MOVIE	9.89
560	pname_920_920_9	BOOK	12.88
561	pname_147_147_14	MUSIC	8.20
562	pname_619_619_6	BOOK	5.98
563	pname_604_604_60	BOOK	10.22
564	pname_289	BOOK	8.90
565	pname_886_886_8	MUSIC	13.66
566	pname_266_266_2	MOVIE	6.49
567	pname_716	BOOK	5.01
568	pname_897_897	BOOK	8.94
569	pname_740_74	MUSIC	10.35
570	pname_28_28_28	MUSIC	7.55
571	pname_44_4	BOOK	9.13
572	pname_424_424	BOOK	10.53
573	pname_87_87_87	BOOK	5.07
574	pname_96_	MOVIE	9.08
575	pname_131_	MOVIE	10.74
576	pname_434_434	MOVIE	16.88
577	pname_384_384_38	BOOK	13.49
578	pname_49	MUSIC	12.04
579	pname_603	MUSIC	13.85
580	pname_650_650_6	MOVIE	7.40
581	pname_222_222_	MUSIC	12.32
582	pname_100_10	BOOK	14.82
583	pname_578_5	MUSIC	10.21
584	pname_77_77_7	MOVIE	17.78
585	pname_651_651	MOVIE	11.92
586	pname_218_2	MOVIE	10.49
587	pname_971_971	MUSIC	8.30
588	pname_400_40	MUSIC	10.66
589	pname_68_	MOVIE	12.60
590	pname_395_395_	MOVIE	10.77
591	pname_841_841_84	MUSIC	12.30
592	pname_30_30_	BOOK	12.96
593	pname_839	BOOK	10.87
594	pname_520	MUSIC	14.43
595	pname_929_929_9	MUSIC	6.04
596	pname_356_35	MUSIC	9.89
597	pname_332_3	MUSIC	6.69
598	pname_660_660_6	MOVIE	9.40
599	pname_178_178_	MUSIC	4.88
600	pname_826_826_8	MUSIC	8.44
601	pname_124_124	BOOK	4.29
602	pname_210	BOOK	2.52
603	pname_846_846_8	BOOK	8.58
604	pname_445_4	MUSIC	9.75
605	pname_271_271_27	MUSIC	15.16
606	pname_317_	MOVIE	7.29
607	pname_386_38	MUSIC	9.82
608	pname_316_31	MUSIC	12.49
609	pname_106	MUSIC	12.77
610	pname_396_39	MOVIE	12.58
611	pname_198_198_	MOVIE	9.03
612	pname_457_457_45	MOVIE	8.35
613	pname_111_	MUSIC	2.81
614	pname_485_4	BOOK	10.00
615	pname_77	MOVIE	9.10
616	pname_842_842_	MOVIE	13.49
617	pname_57_57	MUSIC	7.99
618	pname_15	MUSIC	11.59
619	pname_17_17_17_1	MOVIE	14.09
620	pname_957_	MUSIC	10.16
621	pname_604_604_60	MUSIC	9.63
622	pname_190_19	MUSIC	15.80
623	pname_485_4	BOOK	11.76
624	pname_631_631	MUSIC	13.17
625	pname_145_1	MOVIE	15.00
626	pname_486	MUSIC	12.63
627	pname_797_797_79	BOOK	10.46
628	pname_326_32	MOVIE	12.76
629	pname_649_649_6	MOVIE	13.25
630	pname_574_	MUSIC	5.93
631	pname_685_685_	MUSIC	10.75
632	pname_921_921	BOOK	9.19
633	pname_148_148_	MUSIC	10.76
634	pname_730_73	MUSIC	12.10
635	pname_63_63_63_	MOVIE	13.04
636	pname_322_3	MOVIE	9.98
637	pname_610_610_6	BOOK	11.36
638	pname_367_	MOVIE	6.46
639	pname_251_251_25	MOVIE	11.78
640	pname_957_	MOVIE	8.79
641	pname_561_561_56	MUSIC	10.34
642	pname_984_984_98	MOVIE	7.50
643	pname_353	MUSIC	13.11
644	pname_887_887	BOOK	12.27
645	pname_912_9	BOOK	5.24
646	pname_666_66	BOOK	12.44
647	pname_342_3	MUSIC	9.61
648	pname_55	MOVIE	11.38
649	pname_240	MOVIE	10.21
650	pname_97_97_97_	MOVIE	6.19
651	pname_770_77	MUSIC	9.39
652	pname_441_	MUSIC	11.54
653	pname_460_46	MUSIC	9.97
654	pname_478_478_	MUSIC	2.84
655	pname_418_418_	MOVIE	10.64
656	pname_67	MOVIE	10.29
657	pname_56	MUSIC	11.37
658	pname_32_32_32_	BOOK	10.60
659	pname_420_42	MOVIE	11.10
660	pname_68	MOVIE	3.59
661	pname_12_12_1	MUSIC	13.27
662	pname_33_33_	BOOK	8.50
663	pname_32	MUSIC	9.18
664	pname_324_324_32	MOVIE	9.27
665	pname_61_61_	MOVIE	5.71
666	pname_292_292_	MOVIE	13.21
667	pname_851_851_85	BOOK	7.32
668	pname_479_47	BOOK	11.08
669	pname_183_183_1	MUSIC	10.84
670	pname_487_487_48	MOVIE	15.02
671	pname_990_990_9	MUSIC	10.84
672	pname_927_	MOVIE	7.12
673	pname_161_	BOOK	12.44
674	pname_878_8	BOOK	8.11
675	pname_287_287	MUSIC	7.57
676	pname_95_95_	MUSIC	8.29
677	pname_323	BOOK	9.59
678	pname_305_305_	MUSIC	4.58
679	pname_567_567	MOVIE	14.54
680	pname_336_33	BOOK	11.38
681	pname_604_604_60	MOVIE	14.17
682	pname_748_748_	MOVIE	1.58
683	pname_743_743_7	MUSIC	7.82
684	pname_684_684_68	MOVIE	9.91
685	pname_165_1	MUSIC	4.49
686	pname_417_417_41	BOOK	11.05
687	pname_822_822_	MOVIE	8.78
688	pname_62	BOOK	15.18
689	pname_273_27	BOOK	5.31
690	pname_582_582_	MOVIE	13.35
691	pname_305_305_	BOOK	13.94
692	pname_8_8_8	MOVIE	2.15
693	pname_488_488_	MUSIC	11.23
694	pname_817_817	BOOK	11.11
695	pname_635_635_	MOVIE	6.74
696	pname_903	BOOK	12.41
697	pname_899	BOOK	13.36
698	pname_750_75	BOOK	3.67
699	pname_105_1	BOOK	7.35
700	pname_165_1	MUSIC	13.23
701	pname_483_483_4	BOOK	8.37
702	pname_778_778_	BOOK	4.57
703	pname_584_	BOOK	11.99
704	pname_91_91_91_	MUSIC	14.73
705	pname_414_414	MOVIE	12.08
706	pname_6_6_6_	MUSIC	11.47
707	pname_40	MOVIE	8.62
708	pname_653	MOVIE	7.09
709	pname_574_	MUSIC	7.27
710	pname_476	MUSIC	6.96
711	pname_163_163_1	MUSIC	12.90
712	pname_999_999_9	BOOK	12.55
713	pname_953	BOOK	10.83
714	pname_496	MUSIC	11.02
715	pname_523_52	MUSIC	9.63
716	pname_198_198_	MOVIE	10.17
717	pname_371_371	MOVIE	15.03
718	pname_727_727_72	MOVIE	8.32
719	pname_604_604_60	BOOK	8.58
720	pname_791_	MUSIC	12.12
721	pname_987_	MOVIE	10.50
722	pname_74_74_7	MOVIE	13.76
723	pname_269	MOVIE	5.97
724	pname_724_724	MOVIE	6.66
725	pname_146	MOVIE	12.74
726	pname_53	BOOK	15.33
727	pname_560	MUSIC	12.00
728	pname_426	MUSIC	8.50
729	pname_744_744	BOOK	9.03
730	pname_33_33_	MOVIE	11.54
731	pname_68_	BOOK	6.33
732	pname_424_424	MUSIC	7.96
733	pname_767_767_76	MOVIE	9.29
734	pname_542_542_	MOVIE	11.72
735	pname_995_995_	MUSIC	10.54
736	pname_314_314_31	MUSIC	9.69
737	pname_983	MOVIE	15.15
738	pname_409_40	BOOK	14.04
739	pname_86	MUSIC	12.73
740	pname_354_354_35	MOVIE	12.32
741	pname_663	MOVIE	12.54
742	pname_30_30_	MOVIE	11.07
743	pname_401_	MOVIE	10.79
744	pname_119_11	MOVIE	9.56
745	pname_695_695_	MUSIC	10.75
746	pname_91	BOOK	12.38
747	pname_151_	BOOK	6.27
748	pname_510	MOVIE	8.37
749	pname_809	BOOK	14.41
750	pname_828_8	MOVIE	14.35
751	pname_173_173_1	BOOK	13.20
752	pname_709_70	MOVIE	12.10
753	pname_499_49	MUSIC	12.12
754	pname_913	MUSIC	7.41
755	pname_495_4	BOOK	11.73
756	pname_798_798_	BOOK	10.30
757	pname_115_1	MUSIC	12.88
758	pname_629_629_6	BOOK	15.22
759	pname_149_14	BOOK	11.49
760	pname_871_871_87	MUSIC	9.50
761	pname_777_777_77	BOOK	5.96
762	pname_544_	MUSIC	9.26
763	pname_374_374_37	MOVIE	9.83
764	pname_645_645_	MUSIC	14.51
765	pname_459_45	MOVIE	10.91
766	pname_791_	MOVIE	10.27
767	pname_286_286_2	MOVIE	6.48
768	pname_663	MOVIE	13.83
769	pname_115_1	MOVIE	11.29
770	pname_315_315_	MOVIE	12.93
771	pname_372_3	BOOK	10.52
772	pname_735_7	MOVIE	13.98
773	pname_123_123_1	MOVIE	10.27
774	pname_105_1	BOOK	3.58
775	pname_226_226_2	MOVIE	10.33
776	pname_620_620_6	MOVIE	9.66
777	pname_556_556_5	BOOK	6.08
778	pname_999_999_9	MUSIC	16.51
779	pname_430_43	BOOK	11.70
780	pname_529	MOVIE	10.15
781	pname_389_389_3	BOOK	12.24
782	pname_921_921	BOOK	6.22
783	pname_208_2	MUSIC	9.10
784	pname_774_774	MUSIC	11.60
785	pname_667_	MUSIC	6.96
786	pname_710_71	BOOK	10.97
787	pname_374_374_37	MUSIC	7.75
788	pname_65_	MUSIC	6.49
789	pname_591_591_59	MUSIC	10.18
790	pname_920_920_9	BOOK	9.75
791	pname_96_	MUSIC	7.07
792	pname_150_15	BOOK	4.39
793	pname_447_447_44	BOOK	8.87
794	pname_242_242_	BOOK	5.48
795	pname_387_	BOOK	13.07
796	pname_50_50_50	MUSIC	9.43
797	pname_457_457_45	MUSIC	5.63
798	pname_602_6	MUSIC	14.98
799	pname_594_	BOOK	6.32
800	pname_304_304_30	MOVIE	11.39
801	pname_401_	MUSIC	14.88
802	pname_81	BOOK	7.69
803	pname_456	MOVIE	12.93
804	pname_455_4	BOOK	7.47
805	pname_700_70	MOVIE	11.42
806	pname_687_	MUSIC	15.80
807	pname_153_153_1	BOOK	9.08
808	pname_151_	MUSIC	11.05
809	pname_137_137_13	MOVIE	7.14
810	pname_804_	BOOK	10.61
811	pname_583_58	MOVIE	10.46
812	pname_921_921	MOVIE	8.12
813	pname_286_286_2	BOOK	9.74
814	pname_42_42_42_4	MUSIC	10.05
815	pname_271_271_27	MOVIE	12.52
816	pname_747_747_74	BOOK	9.19
817	pname_508_5	MUSIC	8.62
818	pname_178_178_	BOOK	10.64
819	pname_769_76	MUSIC	9.66
820	pname_457_457_45	BOOK	11.88
821	pname_279	MOVIE	9.77
822	pname_659_659_6	MOVIE	10.26
823	pname_467_467_46	MUSIC	5.97
824	pname_100_10	MUSIC	4.88
825	pname_441_	BOOK	10.81
826	pname_645_645_	MUSIC	11.65
827	pname_879	MUSIC	5.62
828	pname_277_277	MOVIE	13.16
829	pname_105_1	BOOK	13.91
830	pname_23_23	MOVIE	13.26
831	pname_416	MOVIE	11.00
832	pname_931_931	MOVIE	11.53
833	pname_419_41	MUSIC	12.87
834	pname_817_817	BOOK	9.34
835	pname_171_	MOVIE	11.92
836	pname_336_33	MUSIC	8.47
837	pname_566_566_5	BOOK	10.95
838	pname_531_531_53	MUSIC	9.90
839	pname_4_4_4_4	MUSIC	14.00
840	pname_788_788_	MOVIE	7.38
841	pname_332_3	MUSIC	15.04
842	pname_126	BOOK	15.33
843	pname_696_69	BOOK	9.74
844	pname_53_53_53	MOVIE	10.72
845	pname_313	MUSIC	12.91
846	pname_98	BOOK	12.59
847	pname_791_	MOVIE	8.78
848	pname_643	BOOK	8.51
849	pname_849	MOVIE	10.30
850	pname_589	MOVIE	4.25
851	pname_35_35_35_	MOVIE	6.56
852	pname_49	MOVIE	11.82
853	pname_578_5	MUSIC	12.35
854	pname_322_3	MUSIC	8.06
855	pname_866_866_8	MUSIC	12.17
856	pname_376_37	BOOK	9.30
857	pname_734_734	MUSIC	6.84
858	pname_655_655_	MUSIC	8.24
859	pname_886_886_8	MUSIC	11.57
860	pname_613	BOOK	12.69
861	pname_685_685_	BOOK	11.51
862	pname_273_27	MUSIC	3.94
863	pname_455_4	MUSIC	15.09
864	pname_610_610_6	MOVIE	7.39
865	pname_831_831_83	MOVIE	8.01
866	pname_30	BOOK	13.35
867	pname_263_26	MUSIC	9.03
868	pname_270	MUSIC	3.45
869	pname_416	BOOK	13.07
870	pname_189_18	MOVIE	12.21
871	pname_724_724	MUSIC	17.25
872	pname_982_9	MOVIE	9.13
873	pname_780_78	BOOK	11.78
874	pname_236_236_2	BOOK	9.58
875	pname_333	BOOK	13.13
876	pname_576_576_5	MUSIC	14.48
877	pname_296_296_2	MUSIC	9.32
878	pname_703_703_7	BOOK	8.92
879	pname_917_	BOOK	15.74
880	pname_951_951	BOOK	12.09
881	pname_99_	MUSIC	10.81
882	pname_921_921	MOVIE	11.08
883	pname_375_375_	BOOK	11.34
884	pname_562_562_	MOVIE	13.55
885	pname_502_502_	BOOK	14.26
886	pname_827_827	MOVIE	12.62
887	pname_194_194	BOOK	10.55
888	pname_740_74	BOOK	12.02
889	pname_832_832_	MUSIC	11.68
890	pname_117_117_11	MOVIE	12.67
891	pname_749_74	MOVIE	11.55
892	pname_110_11	MOVIE	11.44
893	pname_710_71	MOVIE	6.75
894	pname_113_113_1	BOOK	7.33
895	pname_89	BOOK	9.67
896	pname_438_438_	MOVIE	10.76
897	pname_974_974_97	MOVIE	14.77
898	pname_390_390_3	BOOK	6.42
899	pname_202_202_	MOVIE	3.99
900	pname_893_89	BOOK	7.82
901	pname_311_311	MOVIE	11.20
902	pname_956_95	MOVIE	11.23
903	pname_891_891_89	MUSIC	14.24
904	pname_806_806_8	BOOK	8.67
905	pname_167_167_16	MOVIE	12.12
906	pname_314_314_31	MUSIC	12.49
907	pname_911_911	MUSIC	5.23
908	pname_194_194	BOOK	13.57
909	pname_497_497_49	BOOK	10.82
910	pname_32_32_32_	MUSIC	9.71
911	pname_24	BOOK	13.16
912	pname_77	BOOK	11.18
913	pname_799_79	MOVIE	8.34
914	pname_76_76_76_7	MUSIC	11.29
915	pname_730_73	MUSIC	13.58
916	pname_481_	MOVIE	12.21
917	pname_560	MOVIE	12.97
918	pname_933	MUSIC	11.91
919	pname_414_414	MUSIC	8.14
920	pname_216_216_2	MUSIC	6.32
921	pname_32_32_32_	BOOK	8.01
922	pname_409_40	BOOK	6.84
923	pname_656_65	MOVIE	11.11
924	pname_253_25	MUSIC	7.36
925	pname_995_995_	BOOK	7.49
926	pname_500	BOOK	12.78
927	pname_569	MOVIE	13.29
928	pname_457_457_45	MOVIE	9.41
929	pname_693	BOOK	9.61
930	pname_522_522_	MOVIE	12.44
931	pname_917_	BOOK	2.89
932	pname_317_	MUSIC	16.68
933	pname_50_50_50	MOVIE	7.12
934	pname_258_2	MOVIE	17.22
935	pname_823_82	MOVIE	14.96
936	pname_747_747_74	BOOK	9.53
937	pname_14	BOOK	9.53
938	pname_785_7	BOOK	12.62
939	pname_400_40	BOOK	13.52
940	pname_600_600_6	MUSIC	15.69
941	pname_229	MUSIC	6.80
942	pname_191_	MUSIC	14.22
943	pname_170_17	MOVIE	9.71
944	pname_199_19	BOOK	7.97
945	pname_79	MOVIE	9.98
946	pname_507_507	MUSIC	12.76
947	pname_294_	BOOK	8.18
948	pname_288_2	BOOK	5.96
949	pname_916_91	BOOK	8.49
950	pname_253_25	MOVIE	12.32
951	pname_65	MUSIC	10.13
952	pname_196	MOVIE	7.06
953	pname_284_	BOOK	6.20
954	pname_775_7	MUSIC	9.64
955	pname_808_8	MUSIC	12.38
956	pname_902_9	BOOK	9.87
957	pname_955_955_	MOVIE	10.39
958	pname_550	MUSIC	11.52
959	pname_77	MUSIC	13.18
960	pname_458_458_	BOOK	11.89
961	pname_305_305_	MOVIE	9.52
962	pname_156	MUSIC	12.48
963	pname_943	BOOK	7.22
964	pname_807_807	MUSIC	14.97
965	pname_64	BOOK	9.88
966	pname_568_5	MUSIC	8.06
967	pname_558_5	MUSIC	6.79
968	pname_644_644_64	MOVIE	6.49
969	pname_397_	MUSIC	3.33
970	pname_148_148_	MOVIE	11.79
971	pname_511_511_51	MOVIE	13.65
972	pname_93_	MOVIE	10.54
973	pname_703_703_7	BOOK	1.11
974	pname_18_18_1	MOVIE	13.36
975	pname_93_	BOOK	4.24
976	pname_414_414	MOVIE	14.24
977	pname_12	MOVIE	9.68
978	pname_44_4	MUSIC	14.13
979	pname_983	MUSIC	12.38
980	pname_737_737_73	BOOK	3.46
981	pname_569	BOOK	8.90
982	pname_973	MUSIC	12.59
983	pname_828_8	BOOK	10.39
984	pname_715_7	BOOK	7.70
985	pname_613	MUSIC	10.05
986	pname_375_375_	MUSIC	7.55
987	pname_75_7	MOVIE	12.95
988	pname_277_277	MUSIC	16.00
989	pname_124_124	BOOK	8.82
990	pname_146	BOOK	12.73
991	pname_404_404	MUSIC	8.57
992	pname_520	BOOK	6.43
993	pname_211_211_21	MUSIC	7.95
994	pname_524_	BOOK	14.07
995	pname_90_	MOVIE	12.47
996	pname_625_625_	BOOK	6.19
997	pname_711_	MUSIC	12.06
998	pname_390_390_3	MUSIC	13.40
999	pname_105_1	MOVIE	9.20
1000	pname_932_9	MOVIE	7.12
\.


COPY orders (ordid, odate, ocust) FROM stdin;
1	2017-03-29	3
2	2016-09-06	4
3	2015-01-10	8
4	2016-08-31	10
5	2017-05-11	2
6	2020-06-25	8
7	2019-03-26	8
8	2021-04-06	9
9	2019-11-23	9
10	2017-06-17	1
11	2021-06-30	7
12	2017-06-17	1
13	2021-08-16	10
14	2019-10-06	1
15	2020-03-06	4
16	2016-04-03	3
17	2020-02-05	3
19	2016-01-20	5
22	2019-03-09	7
23	2019-08-24	4
24	2021-06-12	7
25	2015-07-19	2
26	2021-09-07	10
27	2021-06-13	1
28	2015-01-07	8
29	2021-04-20	3
30	2020-03-19	8
31	2019-01-19	2
32	2018-05-02	5
33	2017-07-17	3
34	2015-10-30	7
35	2019-04-07	9
36	2020-01-31	7
37	2017-02-17	1
38	2016-02-22	1
39	2017-02-10	10
40	2021-01-23	8
41	2020-08-07	4
42	2016-03-21	5
43	2019-02-07	4
44	2019-01-14	8
45	2018-05-29	3
46	2016-01-26	4
47	2020-11-11	8
48	2018-11-11	1
49	2021-08-21	8
50	2018-07-17	3
51	2015-06-13	10
52	2015-12-11	10
53	2018-03-02	7
54	2018-11-28	9
55	2019-12-10	7
56	2020-12-28	5
57	2016-01-29	9
58	2016-01-22	8
59	2016-05-21	7
60	2016-10-08	8
61	2019-12-24	2
62	2018-09-08	10
63	2019-10-13	3
64	2019-05-14	7
65	2019-01-18	1
66	2017-07-19	5
67	2017-12-25	10
68	2021-01-11	1
69	2020-02-09	2
70	2019-04-26	8
71	2015-02-06	10
72	2019-06-11	2
73	2021-01-27	3
74	2021-03-06	2
75	2021-02-01	9
76	2015-03-29	2
77	2017-06-03	10
78	2020-12-11	5
79	2020-08-29	9
80	2020-03-23	6
83	2021-04-21	10
84	2016-10-03	1
85	2016-04-09	2
87	2019-08-27	8
88	2019-05-04	8
89	2020-11-09	8
90	2017-09-26	8
91	2015-05-14	2
92	2015-10-17	1
93	2019-01-17	4
94	2018-12-21	2
95	2015-03-25	2
96	2020-07-24	8
97	2015-05-19	5
98	2018-11-09	7
99	2021-01-13	10
100	2021-02-13	9
102	2019-12-08	9
103	2016-07-18	10
104	2017-12-22	8
105	2019-12-31	9
106	2019-03-04	3
107	2020-03-04	5
108	2017-03-19	5
109	2018-08-30	4
110	2020-08-28	5
111	2015-09-22	5
112	2020-02-27	4
113	2015-12-27	7
114	2019-01-03	4
115	2017-01-30	8
116	2015-02-15	1
117	2019-02-12	2
118	2017-04-13	8
119	2018-06-01	10
120	2018-04-24	4
121	2019-05-21	10
122	2015-12-02	10
123	2020-05-19	2
124	2015-09-01	1
125	2020-08-08	10
126	2017-03-10	1
127	2017-10-16	3
128	2017-01-28	2
129	2018-08-18	9
131	2019-06-30	4
132	2017-06-27	8
133	2020-05-10	6
134	2016-12-31	1
135	2018-04-13	1
136	2019-05-20	5
137	2017-01-02	2
138	2019-05-18	4
139	2017-05-21	9
141	2016-01-04	9
142	2017-01-31	10
143	2020-06-23	3
144	2016-03-15	4
145	2020-01-05	2
147	2017-04-01	2
149	2021-07-20	3
150	2017-03-27	2
151	2016-10-19	5
152	2016-02-10	2
153	2017-09-20	8
154	2019-11-26	4
155	2019-04-24	5
156	2015-06-07	10
157	2016-07-10	8
158	2015-07-04	9
159	2019-05-10	7
160	2016-09-08	7
161	2017-07-11	4
162	2015-11-30	2
163	2020-08-06	8
164	2021-02-17	10
165	2017-08-02	2
166	2020-09-07	3
167	2017-08-14	7
168	2019-12-11	4
169	2016-10-13	10
170	2016-06-16	7
171	2016-08-12	4
172	2019-07-13	3
173	2020-10-23	7
174	2019-06-11	7
175	2015-03-27	1
176	2021-07-07	8
177	2017-01-24	1
178	2015-08-11	10
179	2015-01-29	9
180	2020-11-16	1
181	2015-02-17	7
182	2020-10-17	2
183	2019-09-03	9
185	2015-07-01	1
186	2018-05-13	5
187	2021-09-26	3
188	2021-04-28	9
189	2015-07-25	4
190	2018-09-22	4
191	2016-03-04	4
192	2021-09-30	7
193	2019-06-21	4
194	2020-12-25	2
195	2019-09-04	8
196	2020-06-30	2
198	2019-03-22	9
199	2019-04-19	9
200	2015-06-27	8
201	2020-08-07	4
18	2020-03-30	6
20	2020-04-03	6
81	2020-04-06	6
130	2020-04-15	6
140	2020-04-26	6
146	2020-05-08	6
148	2020-05-12	6
197	2020-05-18	6
204	2020-05-25	6
205	2020-06-01	6
\.


COPY details (ordid, pcode, qty) FROM stdin;
103	451	1
35	710	1
85	16	1
160	804	1
92	465	1
9	340	1
115	15	1
182	190	2
107	154	1
200	296	1
98	850	2
96	98	1
104	639	1
158	155	1
88	466	1
122	813	1
172	741	1
24	130	1
157	777	1
115	376	1
182	380	1
61	865	1
56	224	1
163	5	1
52	838	1
41	473	1
200	178	1
100	94	1
91	987	1
198	960	1
98	592	1
103	123	1
175	572	1
182	410	1
125	664	1
194	421	1
100	847	1
48	474	1
165	800	1
98	995	1
60	117	1
105	633	3
122	191	1
164	441	1
89	643	3
175	307	1
186	757	1
35	628	1
175	696	1
156	447	1
125	806	1
13	251	1
114	259	1
90	80	1
141	21	3
68	20	1
22	845	1
121	567	1
181	687	1
36	169	1
185	520	1
109	367	1
162	124	1
71	676	1
177	593	1
118	577	1
83	79	1
129	929	1
51	711	1
116	972	1
123	923	1
144	737	1
31	390	1
134	928	1
28	844	1
10	617	1
50	46	1
109	491	1
63	979	1
52	572	1
17	31	1
135	777	1
88	972	1
172	765	1
191	909	1
37	495	1
62	823	1
59	77	2
120	246	1
24	830	1
118	140	1
158	571	1
192	354	1
57	757	1
43	539	1
111	406	1
156	795	1
56	596	1
162	481	1
98	346	1
188	529	1
33	685	1
119	954	1
108	296	1
22	98	1
55	939	1
179	929	1
187	214	1
68	741	1
94	286	1
141	323	1
71	712	1
38	913	1
135	344	1
22	604	1
189	308	1
156	187	1
58	101	1
103	716	1
52	89	1
85	237	1
36	649	1
30	638	1
167	343	1
37	22	1
171	433	1
151	585	1
167	603	1
199	922	1
105	883	1
89	489	1
145	606	1
122	45	1
115	295	1
128	719	1
7	827	1
83	433	1
114	167	1
45	402	1
43	642	2
158	639	1
176	791	1
116	371	1
72	323	1
13	558	1
112	319	1
37	812	1
84	558	2
119	120	1
154	623	1
73	28	1
80	5	1
74	967	2
12	256	1
173	648	1
147	262	1
51	441	1
97	124	3
32	883	3
42	944	4
151	391	3
19	568	4
42	284	3
182	414	1
47	975	1
72	255	1
6	71	1
39	301	1
64	850	1
84	79	1
30	189	1
117	965	1
159	534	1
151	732	1
7	296	1
10	571	1
178	917	1
163	397	1
59	777	3
24	634	2
147	31	1
58	285	1
37	161	3
61	890	1
152	114	1
59	170	1
77	931	1
159	967	1
68	561	1
150	316	3
4	368	1
27	145	1
177	115	1
73	833	1
39	917	1
91	907	2
160	642	1
162	925	1
41	769	3
134	3	1
59	201	1
161	103	1
68	139	1
126	528	1
155	473	1
145	180	2
9	261	2
19	595	1
32	999	1
173	40	2
4	275	1
187	977	1
198	639	1
117	641	1
121	914	1
89	294	1
190	186	2
51	772	1
103	46	1
54	105	1
107	850	1
46	547	1
64	761	1
92	424	1
188	202	1
138	285	1
23	383	1
191	684	1
171	900	1
159	753	1
138	525	1
7	765	1
137	671	1
160	985	1
97	527	1
178	30	2
39	574	3
112	730	1
37	310	1
77	756	1
147	981	1
55	432	2
38	971	1
132	580	1
2	663	1
191	181	1
179	251	1
118	26	1
83	863	1
111	610	1
85	916	1
157	68	1
89	981	1
75	842	1
36	756	1
62	36	1
85	136	1
53	103	1
163	714	1
143	817	1
44	296	1
168	637	2
27	100	1
160	604	1
43	318	1
87	98	1
189	146	1
38	815	1
35	668	1
174	563	1
48	970	1
7	416	1
149	422	1
163	327	1
152	839	1
91	339	3
121	25	1
195	727	1
62	224	1
96	522	1
194	859	1
112	996	1
15	61	2
7	262	1
104	662	1
127	270	1
41	323	1
180	211	1
186	902	1
129	275	1
102	237	2
65	619	1
178	353	1
152	564	1
11	865	2
113	475	1
55	261	2
129	218	1
44	878	1
2	593	1
38	518	1
143	417	1
88	322	1
6	758	1
189	240	1
139	822	1
168	93	1
61	350	1
171	202	1
40	629	1
109	697	1
137	507	1
29	923	1
123	291	1
191	732	1
26	873	1
47	138	1
120	388	2
161	753	2
186	89	3
111	445	3
136	139	3
78	420	4
107	99	3
32	843	3
33	531	1
19	891	1
133	321	1
40	768	1
6	957	1
54	242	1
110	636	1
3	849	1
72	936	1
131	374	1
103	720	1
2	998	1
9	511	1
137	852	1
194	449	1
26	95	1
16	281	2
198	717	2
30	63	1
103	723	1
121	648	2
100	997	1
74	885	1
54	545	1
150	541	1
156	389	1
106	256	2
33	804	4
50	866	4
50	534	2
17	157	2
127	646	2
73	837	2
143	463	2
149	756	2
1	726	2
143	875	2
1	582	2
73	242	2
33	348	3
73	139	2
17	460	2
63	602	2
108	370	3
\.


COPY invoices (invid, ordid, amount, issued, due) FROM stdin;
87	61	11.87	2019-12-24	2019-12-31
184	158	34.40	2015-07-04	2015-07-11
116	90	22.38	2017-09-26	2017-10-03
71	45	20.84	2018-05-29	2018-06-05
68	42	37.35	2016-03-21	2016-03-28
51	25	40.19	2015-07-19	2015-07-26
80	54	9.49	2018-11-28	2018-12-05
146	120	25.39	2018-04-24	2018-05-01
52	26	26.32	2021-09-07	2021-09-14
190	164	22.58	2021-02-17	2021-02-24
162	136	30.61	2019-05-20	2019-05-27
132	106	7.40	2019-03-04	2019-03-11
84	58	21.39	2016-01-22	2016-01-29
176	150	7.07	2017-03-27	2017-04-03
192	166	10.81	2020-09-07	2020-09-14
92	66	19.52	2017-07-19	2017-07-26
101	75	46.74	2021-02-01	2021-02-08
180	154	17.12	2019-11-26	2019-12-03
114	88	17.21	2019-05-04	2019-05-11
115	89	22.90	2020-11-09	2020-11-16
60	34	6.17	2015-10-30	2015-11-06
97	71	33.30	2015-02-06	2015-02-13
54	28	29.88	2015-01-07	2015-01-14
179	153	22.23	2017-09-20	2017-09-27
138	112	12.99	2020-02-27	2020-03-05
181	155	8.78	2019-04-24	2019-05-01
96	70	26.46	2019-04-26	2019-05-03
83	57	32.39	2016-01-29	2016-02-05
63	37	14.90	2017-02-17	2017-02-24
90	64	10.36	2019-05-14	2019-05-21
105	79	43.62	2020-08-29	2020-09-05
35	9	30.80	2019-11-23	2019-11-30
45	19	10.93	2016-01-20	2016-01-27
134	108	21.89	2017-03-19	2017-03-26
86	60	12.93	2016-10-08	2016-10-15
144	118	15.15	2017-04-13	2017-04-20
39	13	48.62	2021-08-16	2021-08-23
168	142	33.49	2017-01-31	2017-02-07
163	137	45.65	2017-01-02	2017-01-09
89	63	67.04	2019-10-13	2019-10-20
36	10	27.10	2017-06-17	2017-06-24
175	149	31.26	2021-07-20	2021-07-27
31	5	16.09	2017-05-11	2017-05-18
50	24	67.65	2021-06-12	2021-06-19
102	76	18.10	2015-03-29	2015-04-05
167	141	13.62	2016-01-04	2016-01-11
109	83	38.28	2021-04-21	2021-04-28
158	132	28.51	2017-06-27	2017-07-04
155	129	11.94	2018-08-18	2018-08-25
118	92	28.64	2015-10-17	2015-10-24
133	107	13.99	2020-03-04	2020-03-11
195	169	12.00	2016-10-13	2016-10-20
111	85	37.74	2016-04-09	2016-04-16
199	173	6.84	2020-10-23	2020-10-30
62	36	30.38	2020-01-31	2020-02-07
75	49	15.33	2021-08-21	2021-08-28
123	97	19.87	2015-05-19	2015-05-26
128	102	8.58	2019-12-08	2019-12-15
126	100	8.10	2021-02-13	2021-02-20
194	168	39.47	2019-12-11	2019-12-18
152	126	34.82	2017-03-10	2017-03-17
41	15	59.14	2020-03-06	2020-03-13
157	131	18.27	2019-06-30	2019-07-07
53	27	14.94	2021-06-13	2021-06-20
32	6	30.28	2020-06-25	2020-07-02
100	74	26.38	2021-03-06	2021-03-13
136	110	8.24	2020-08-28	2020-09-04
38	12	45.96	2017-06-17	2017-06-24
150	124	42.77	2015-09-01	2015-09-08
139	113	10.26	2015-12-27	2016-01-03
140	114	33.13	2019-01-03	2019-01-10
164	138	13.31	2019-05-18	2019-05-25
137	111	37.29	2015-09-22	2015-09-29
78	52	9.29	2015-12-11	2015-12-18
191	165	38.41	2017-08-02	2017-08-09
159	133	34.29	2020-05-10	2020-05-17
94	68	7.21	2021-01-11	2021-01-18
141	115	41.41	2017-01-30	2017-02-06
122	96	33.06	2020-07-24	2020-07-31
154	128	11.76	2017-01-28	2017-02-04
186	160	30.00	2016-09-08	2016-09-15
177	151	21.02	2016-10-19	2016-10-26
182	156	51.67	2015-06-07	2015-06-14
33	7	53.04	2019-03-26	2019-04-02
106	80	9.22	2020-03-23	2020-03-30
64	38	10.21	2016-02-22	2016-02-29
185	159	13.58	2019-05-10	2019-05-17
110	84	9.98	2016-10-03	2016-10-10
178	152	54.09	2016-02-10	2016-02-17
145	119	29.59	2018-06-01	2018-06-08
55	29	53.84	2021-04-20	2021-04-27
130	104	8.91	2017-12-22	2017-12-29
27	1	20.98	2017-03-29	2017-04-05
129	103	32.32	2016-07-18	2016-07-25
148	122	45.63	2015-12-02	2015-12-09
143	117	37.47	2019-02-12	2019-02-19
58	32	14.80	2018-05-02	2018-05-09
59	33	50.98	2017-07-17	2017-07-24
197	171	41.22	2016-08-12	2016-08-19
135	109	16.10	2018-08-30	2018-09-06
65	39	14.09	2017-02-10	2017-02-17
98	72	45.69	2019-06-11	2019-06-18
149	123	23.40	2020-05-19	2020-05-26
173	147	29.20	2017-04-01	2017-04-08
73	47	53.56	2020-11-11	2020-11-18
200	174	17.88	2019-06-11	2019-06-18
103	77	56.05	2017-06-03	2017-06-10
42	16	19.55	2016-04-03	2016-04-10
189	163	27.80	2020-08-06	2020-08-13
161	135	39.18	2018-04-13	2018-04-20
117	91	20.22	2015-05-14	2015-05-21
121	95	52.26	2015-03-25	2015-04-01
88	62	29.14	2018-09-08	2018-09-15
82	56	63.95	2020-12-28	2021-01-04
188	162	21.06	2015-11-30	2015-12-07
40	14	27.08	2019-10-06	2019-10-13
113	87	12.60	2019-08-27	2019-09-03
119	93	19.35	2019-01-17	2019-01-24
125	99	25.07	2021-01-13	2021-01-20
43	17	33.17	2020-02-05	2020-02-12
147	121	25.20	2019-05-21	2019-05-28
120	94	24.48	2018-12-21	2018-12-28
48	22	18.59	2019-03-09	2019-03-16
187	161	14.64	2017-07-11	2017-07-18
85	59	43.73	2016-05-21	2016-05-28
72	46	30.83	2016-01-26	2016-02-02
57	31	12.88	2019-01-19	2019-01-26
81	55	22.82	2019-12-10	2019-12-17
61	35	26.48	2019-04-07	2019-04-14
160	134	34.77	2016-12-31	2017-01-07
77	51	13.19	2015-06-13	2015-06-20
30	4	21.87	2016-08-31	2016-09-07
131	105	9.25	2019-12-31	2020-01-07
198	172	53.73	2019-07-13	2019-07-20
37	11	87.04	2021-06-30	2021-07-07
28	2	10.72	2016-09-06	2016-09-13
104	78	20.28	2020-12-11	2020-12-18
171	145	32.01	2020-01-05	2020-01-12
165	139	11.39	2017-05-21	2017-05-28
56	30	20.07	2020-03-19	2020-03-26
151	125	28.43	2020-08-08	2020-08-15
91	65	45.49	2019-01-18	2019-01-25
74	48	27.84	2018-11-11	2018-11-18
29	3	11.11	2015-01-10	2015-01-17
\.


COPY payments (payid, tstamp, amount, invid) FROM stdin;
88	2016-08-13 13:46:09	41.22	197
100	2016-08-13 13:50:15	41.22	197
90	2020-11-18 17:51:17	13.50	73
18	2020-11-15 12:39:10	40.06	73
101	2016-01-05 10:49:00	15.56	72
105	2016-02-01 12:47:07	20.68	72
97	2017-04-03 17:37:11	6.99	176
\.

ANALYZE customers;
ANALYZE products;
ANALYZE orders;
ANALYZE details;
ANALYZE invoices;
ANALYZE payments;
